"Student ID","Preferred Name","First Name","Middle Name","Last Name","Secondary ID","Date of Birth","E-mail Address","Phone 1","Address 1","Phone 2","Address 2","Phone 3","Address 3","Address 4"
"0001001","Luke","Lucas","Porter","Baxley","Q1001","01/02/2003","lpb@myUniversity.com","780-883-7269","222 Lakeshore Drive<br>Abilene, TX 12345","404-925-4456","","325-204-5929","Fischer West - Room W105","Campus Mail - Box 1001"
"0001002","Marnie","Marnie","Gayle","Lemmons","Q1002","11/07/2003","mgl@myUniversity.com","826-443-7227","610 Spring Creek Drive<br>Waynesburg, PA 12345","819-724-9241","","724-802-0816","Chase Hall - Room 129","Campus Mail - Box 1013"
"0001003","Anne","Anne","Faith","Scott","Q1003","02/02/2002","afs@myUniversity.com","759-315-2580","871 Lakeshore Drive<br>Abilene, TX 12345","114-876-8220","","325-674-2993","Fischer East - Room E165","Campus Mail - Box 1003"
"0001004","Dylan","Dylan","Ray","Wallace","Q1004","09/15/2001","drw@myUniversity.com","662-487-9365","518 Oak Street<br>Boulder, CO 80302","303-529-1478","","720-315-4082","Smith Hall - Room S210","Campus Mail - Box 1004"
"0001005","Emma","Emma","Grace","Turner","Q1005","05/20/2002","egt@myUniversity.com","917-608-9247","735 Willow Lane<br>San Diego, CA 92101","619-432-7891","","858-215-6630","Jones West - Room J303","Campus Mail - Box 1005"
"0001006","Caleb","Caleb","Joseph","Barnett","Q1006","12/10/2001","cjb@myUniversity.com","502-776-3018","945 Elm Street<br>Lexington, KY 40502","859-321-5674","","502-608-1345","Taylor Hall - Room T412","Campus Mail - Box 1006"
"0001007","Hannah","Hannah","Marie","Perry","Q1007","03/08/2003","hmp@myUniversity.com","408-782-1496","129 Pine Street<br>Portland, OR 97201","503-916-7258","","971-284-6321","Clark Hall - Room C115","Campus Mail - Box 1007"
"0001008","Tyler","Tyler","Evan","Meyer","Q1008","06/18/2002","tem@myUniversity.com","214-908-3352","506 Maple Avenue<br>Dallas, TX 75201","972-635-8014","","214-789-5673","Williams West - Room W215","Campus Mail - Box 1008"
"0001009","Sophia","Sophia","Nicole","Hudson","Q1009","08/27/2003","snh@myUniversity.com","305-621-4879","743 Cedar Lane<br>Miami, FL 33101","786-512-9347","","305-789-6420","Adams East - Room E105","Campus Mail - Box 1009"
"0001010","Owen","Owen","Thomas","Garcia","Q1010","04/30/2002","otg@myUniversity.com","713-426-8105","922 Birch Street<br>Houston, TX 77001","281-509-7236","","713-987-6054","Lee Hall - Room L310","Campus Mail - Box 1010"
"0001011","Zoe","Zoe","Elizabeth","Wells","Q1011","10/11/2003","zew@myUniversity.com","623-872-5164","311 Oak Lane<br>Phoenix, AZ 85001","480-789-2451","","602-321-9087","Jackson West - Room J402","Campus Mail - Box 1011"
"0001012","Ethan","Ethan","Jacob","Bowen","Q1012","07/03/2001","ejb@myUniversity.com","817-302-4891","567 Pine Avenue<br>Fort Worth, TX 76101","214-789-2345","","817-621-7863","Miller Hall - Room M208","Campus Mail - Box 1012"
"0001013","Olivia","Olivia","Rose","Santos","Q1013","01/19/2002","ors@myUniversity.com","904-513-6728","444 Cedar Lane<br>Jacksonville, FL 32201","904-789-5671","","904-621-9087","Cooper East - Room E205","Campus Mail - Box 1013"
"0001014","Aiden","Aiden","Michael","Fleming","Q1014","05/14/2003","amf@myUniversity.com","312-876-4912","789 Oak Street<br>Chicago, IL 60601","773-987-6054","","312-789-2345","Smith West - Room S305","Campus Mail - Box 1014"
"0001015","Isabella","Isabella","Mae","Glover","Q1015","09/06/2001","img@myUniversity.com","503-672-9087","633 Elm Avenue<br>Portland, OR 97201","971-234-5678","","503-789-9087","Jones East - Room J210","Campus Mail - Box 1015"
"0001016","Liam","Liam","Andrew","Hart","Q1016","02/28/2003","lah@myUniversity.com","408-725-9167","875 Birch Lane<br>San Jose, CA 95101","408-789-5671","","408-621-9087","Taylor West - Room T305","Campus Mail - Box 1016"
"0001017","Ava","Ava","Grace","Davidson","Q1017","11/23/2002","agd@myUniversity.com","615-908-2345","422 Cedar Lane<br>Nashville, TN 37201","615-789-9087","","615-621-5678","Adams West - Room W210","Campus Mail - Box 1017"
"0001018","Noah","Noah","Joseph","Rodriguez","Q1018","06/12/2002","njr@myUniversity.com","832-567-9087","955 Oak Street<br>Houston, TX 77001","281-789-9087","","832-621-5678","Williams East - Room E312","Campus Mail - Box 1018"
"0001019","Mia","Mia","Lynn","Reynolds","Q1019","03/29/2003","mlr@myUniversity.com","305-789-5678","711 Maple Lane<br>Miami, FL 33101","786-234-5678","","305-621-5678","Lee West - Room L305","Campus Mail - Box 1019"
"0001020","Jackson","Jackson","Robert","Kennedy","Q1020","08/01/2002","jrk@myUniversity.com","214-789-9087","544 Pine Street<br>Dallas, TX 75201","972-621-5678","","214-789-5678","Miller East - Room M408","Campus Mail - Box 1020"
"0001021","Ella","Ella","Katherine","Manning","Q1021","04/17/2001","ekm@myUniversity.com","615-789-5678","933 Cedar Avenue<br>Nashville, TN 37201","615-621-5678","","615-789-5678","Cooper West - Room W402","Campus Mail - Box 1021"
"0001022","Lucas","Lucas","William","Arnold","Q1022","11/05/2003","lwa@myUniversity.com","408-789-5678","265 Oak Lane<br>San Jose, CA 95101","408-621-5678","","408-789-5678","Smith East - Room S408","Campus Mail - Box 1022"
"0001023","Scarlett","Scarlett","Renee","Gibson","Q1023","05/08/2002","srg@myUniversity.com","832-789-5678","497 Birch Lane<br>Houston, TX 77001","281-621-5678","","832-789-5678","Jones West - Room J502","Campus Mail - Box 1023"
"0001024","Carter","Carter","James","Reeves","Q1024","12/22/2003","cjr@myUniversity.com","305-621-5678","188 Cedar Avenue<br>Miami, FL 33101","786-789-5678","","305-621-5678","Taylor Hall - Room T515","Campus Mail - Box 1024"
"0001025","Chloe","Chloe","Marie","Duncan","Q1025","09/04/2001","cmd@myUniversity.com","214-789-5678","777 Pine Lane<br>Dallas, TX 75201","972-621-5678","","214-789-5678","Clark West - Room C502","Campus Mail - Box 1025"
"0001026","Henry","Henry","Michael","Pearson","Q1026","01/31/2002","hmp@myUniversity.com","615-789-5678","355 Elm Street<br>Nashville, TN 37201","615-621-5678","","615-789-5678","Williams West - Room W515","Campus Mail - Box 1026"
"0001027","Aubrey","Aubrey","Nicole","Black","Q1027","06/24/2003","anb@myUniversity.com","832-789-5678","622 Oak Lane<br>Houston, TX 77001","281-621-5678","","832-789-5678","Adams East - Room E405","Campus Mail - Box 1027"
"0001028","Grayson","Grayson","Daniel","Matthews","Q1028","11/12/2002","gdm@myUniversity.com","305-621-5678","944 Cedar Avenue<br>Miami, FL 33101","786-789-5678","","305-621-5678","Chase West - Room W602","Campus Mail - Box 1028"
"0001029","Lily","Lily","Ann","Thornton","Q1029","04/03/2001","lat@myUniversity.com","214-789-5678","378 Pine Street<br>Dallas, TX 75201","972-621-5678","","214-789-5678","Cooper East - Room E505","Campus Mail - Box 1029"
"0001030","Mason","Mason","Christopher","Dixon","Q1030","08/16/2002","mcd@myUniversity.com","615-789-5678","599 Elm Lane<br>Nashville, TN 37201","615-621-5678","","615-789-5678","Fischer West - Room W602","Campus Mail - Box 1030"
"0001031","Aria","Aria","Gabrielle","Perez","Q1031","02/14/2003","agp@myUniversity.com","832-789-5678","711 Oak Avenue<br>Houston, TX 77001","281-621-5678","","832-789-5678","Fischer East - Room E602","Campus Mail - Box 1031"
"0001032","Elijah","Elijah","Alexander","Nichols","Q1032","09/26/2001","ean@myUniversity.com","305-621-5678","823 Cedar Lane<br>Miami, FL 33101","786-789-5678","","305-621-5678","Chase East - Room E702","Campus Mail - Box 1032"
"0001033","Evelyn","Evelyn","Hope","Morrison","Q1033","01/11/2002","ehm@myUniversity.com","214-789-5678","475 Pine Lane<br>Dallas, TX 75201","972-621-5678","","214-789-5678","Jackson West - Room J702","Campus Mail - Box 1033"
"0001034","Ezra","Ezra","Michael","Sharp","Q1034","05/03/2003","ems@myUniversity.com","615-789-5678","691 Elm Avenue<br>Nashville, TN 37201","615-621-5678","","615-789-5678","Chase Hall - Room 729","Campus Mail - Box 1034"
"0001035","Paisley","Paisley","Rose","Russell","Q1035","10/20/2002","prr@myUniversity.com","832-789-5678","288 Cedar Lane<br>Houston, TX 77001","281-621-5678","","832-789-5678","Chase Hall - Room 736","Campus Mail - Box 1035"